{"cameraMode":{"drawMode":0,"name":"Shaded","section":"Shading Mode"},"sceneLighting":true,"audioPlay":false,"sceneViewState":{"showFog":true,"showMaterialUpdate":false,"showSkybox":true,"showFlares":true,"showImageEffects":true,"showParticleSystems":true},"in2DMode":false,"pivot":{"x":7.957637310028076,"y":-0.3107776641845703,"z":33.82916259765625},"rotation":{"x":0.08395636081695557,"y":-0.07765134423971176,"z":0.00655775610357523,"w":0.9934355616569519},"size":15.529693603515625,"orthographic":false}